{
	"credit": "Made with Blockbench",
	"ambientocclusion": false,
	"texture_size": [32, 32],
	"textures": {
		"0": "fishing rod/grappling_hook"
	},
	"elements": [
		{
			"from": [7, 0, 11],
			"to": [9, 1, 15],
			"rotation": {"angle": 0, "axis": "y", "origin": [8, 0, 7]},
			"faces": {
				"north": {"uv": [2.5, 14.5, 3.5, 15], "texture": "#0"},
				"east": {"uv": [2, 14.5, 2.5, 15], "texture": "#0"},
				"south": {"uv": [2, 14.5, 3, 15], "texture": "#0"},
				"west": {"uv": [2, 14.5, 2.5, 15], "texture": "#0"},
				"up": {"uv": [2, 14.5, 3, 15], "texture": "#0"},
				"down": {"uv": [2, 14.5, 3, 15], "texture": "#0"}
			}
		},
		{
			"from": [7, 3, 10],
			"to": [9, 4, 15],
			"rotation": {"angle": 0, "axis": "y", "origin": [8, 0, 7]},
			"faces": {
				"north": {"uv": [0, 0, 1, 0.5], "texture": "#0"},
				"east": {"uv": [2, 13, 4.5, 13.5], "texture": "#0"},
				"south": {"uv": [2, 13, 3, 13.5], "texture": "#0"},
				"west": {"uv": [4.5, 13, 2, 13.5], "texture": "#0"},
				"up": {"uv": [2.5, 12.5, 3.5, 13], "texture": "#0"},
				"down": {"uv": [2, 14.5, 3, 15], "texture": "#0"}
			}
		},
		{
			"from": [7, 4, 10],
			"to": [9, 5, 14],
			"rotation": {"angle": 0, "axis": "y", "origin": [8, 0, 7]},
			"faces": {
				"north": {"uv": [2.5, 14.5, 3.5, 15], "texture": "#0"},
				"east": {"uv": [2.5, 12.5, 4.5, 13], "texture": "#0"},
				"south": {"uv": [2.5, 12.5, 3.5, 13], "texture": "#0"},
				"west": {"uv": [4.5, 12.5, 2.5, 13], "texture": "#0"},
				"up": {"uv": [2.5, 12.5, 3.5, 13], "texture": "#0"},
				"down": {"uv": [2, 14.5, 3, 15], "texture": "#0"}
			}
		},
		{
			"from": [7, 5, 8],
			"to": [9, 6, 13],
			"rotation": {"angle": 0, "axis": "y", "origin": [8, 0, 7]},
			"faces": {
				"north": {"uv": [2.5, 14.5, 3.5, 15], "texture": "#0"},
				"east": {"uv": [2.5, 12.5, 4.5, 13], "texture": "#0"},
				"south": {"uv": [2.5, 12.5, 3.5, 13], "texture": "#0"},
				"west": {"uv": [5.5, 12, 3, 12.5], "texture": "#0"},
				"up": {"uv": [2.5, 12.5, 3.5, 13], "texture": "#0"},
				"down": {"uv": [2, 14.5, 3, 15], "texture": "#0"}
			}
		},
		{
			"from": [7, 6, 8],
			"to": [9, 7, 12],
			"rotation": {"angle": 0, "axis": "y", "origin": [8, 0, 7]},
			"faces": {
				"north": {"uv": [2.5, 14.5, 3.5, 15], "texture": "#0"},
				"east": {"uv": [2.5, 12.5, 4.5, 13], "texture": "#0"},
				"south": {"uv": [2.5, 12.5, 3.5, 13], "texture": "#0"},
				"west": {"uv": [5.5, 11.5, 3.5, 12], "texture": "#0"},
				"up": {"uv": [2.5, 12.5, 3.5, 13], "texture": "#0"},
				"down": {"uv": [2, 14.5, 3, 15], "texture": "#0"}
			}
		},
		{
			"from": [7, 7, 7],
			"to": [9, 8, 11],
			"rotation": {"angle": 0, "axis": "y", "origin": [8, 0, 7]},
			"faces": {
				"north": {"uv": [2.5, 14.5, 3.5, 15], "texture": "#0"},
				"east": {"uv": [4, 11, 6, 11.5], "texture": "#0"},
				"south": {"uv": [2.5, 12.5, 3.5, 13], "texture": "#0"},
				"west": {"uv": [6, 11, 4, 11.5], "texture": "#0"},
				"up": {"uv": [2.5, 12.5, 3.5, 13], "texture": "#0"},
				"down": {"uv": [2, 14.5, 3, 15], "texture": "#0"}
			}
		},
		{
			"from": [7, 8, 7],
			"to": [9, 11, 10],
			"rotation": {"angle": 0, "axis": "y", "origin": [8, 0, 7]},
			"faces": {
				"north": {"uv": [2.5, 14.5, 3.5, 15], "texture": "#0"},
				"east": {"uv": [4.5, 9.5, 6, 11], "texture": "#0"},
				"south": {"uv": [4.5, 9.5, 5, 11], "texture": "#0"},
				"west": {"uv": [6, 9.5, 4.5, 11], "texture": "#0"},
				"up": {"uv": [5, 9, 6, 9.5], "texture": "#0"},
				"down": {"uv": [2, 14.5, 3, 15], "texture": "#0"}
			}
		},
		{
			"from": [7, 11, 7],
			"to": [9, 12, 9],
			"rotation": {"angle": 0, "axis": "y", "origin": [8, 0, 7]},
			"faces": {
				"north": {"uv": [2.5, 14.5, 3.5, 15], "texture": "#0"},
				"east": {"uv": [5, 9, 6, 9.5], "texture": "#0"},
				"south": {"uv": [5.5, 8.5, 6.5, 9], "texture": "#0"},
				"west": {"uv": [6, 9, 5, 9.5], "texture": "#0"},
				"up": {"uv": [5.5, 8.5, 6.5, 9], "texture": "#0"},
				"down": {"uv": [2, 14.5, 3, 15], "texture": "#0"}
			}
		},
		{
			"from": [7, 12, 7],
			"to": [9, 13, 8],
			"rotation": {"angle": 0, "axis": "y", "origin": [8, 0, 7]},
			"faces": {
				"north": {"uv": [2.5, 14.5, 3.5, 15], "texture": "#0"},
				"east": {"uv": [5.5, 8.5, 6, 9], "texture": "#0"},
				"south": {"uv": [5.5, 8.5, 6.5, 9], "texture": "#0"},
				"west": {"uv": [6, 8.5, 5.5, 9], "texture": "#0"},
				"up": {"uv": [5.5, 8.5, 6.5, 9], "texture": "#0"},
				"down": {"uv": [2, 14.5, 3, 15], "texture": "#0"}
			}
		},
		{
			"from": [7, 1, 10],
			"to": [9, 3, 16],
			"rotation": {"angle": 0, "axis": "y", "origin": [8, 0, 7]},
			"faces": {
				"north": {"uv": [2.5, 14.5, 3.5, 15], "texture": "#0"},
				"east": {"uv": [1.5, 13.5, 4.5, 14.5], "texture": "#0"},
				"south": {"uv": [1.5, 13.5, 2.5, 14], "texture": "#0"},
				"west": {"uv": [4.5, 13.5, 1.5, 14.5], "texture": "#0"},
				"up": {"uv": [1.5, 13.5, 2.5, 14], "texture": "#0"},
				"down": {"uv": [2, 14.5, 3, 15], "texture": "#0"}
			}
		},
		{
			"from": [7, 2, 9],
			"to": [9, 5, 10],
			"rotation": {"angle": 0, "axis": "y", "origin": [8, 0, 7]},
			"faces": {
				"north": {"uv": [4, 13, 5, 14], "texture": "#0"},
				"east": {"uv": [4, 13, 4.5, 14.5], "texture": "#0"},
				"south": {"uv": [0, 0, 1, 1], "texture": "#0"},
				"west": {"uv": [4, 12.5, 4.5, 14], "texture": "#0"},
				"up": {"uv": [0, 0, 1, 0.5], "texture": "#0"},
				"down": {"uv": [0, 0, 1, 0.5], "texture": "#0"}
			}
		},
		{
			"from": [7, 3, 8],
			"to": [9, 5, 9],
			"rotation": {"angle": 0, "axis": "y", "origin": [8, 0, 7]},
			"faces": {
				"north": {"uv": [4.5, 12.5, 5.5, 13.5], "texture": "#0"},
				"east": {"uv": [4.5, 13, 5, 14], "texture": "#0"},
				"south": {"uv": [0, 0, 1, 1], "texture": "#0"},
				"west": {"uv": [4.5, 13, 5, 14], "texture": "#0"},
				"up": {"uv": [0, 0, 1, 0.5], "texture": "#0"},
				"down": {"uv": [4, 13, 5, 13.5], "texture": "#0"}
			}
		},
		{
			"from": [7, 4, 7],
			"to": [9, 7, 8],
			"rotation": {"angle": 0, "axis": "y", "origin": [8, 0, 7]},
			"faces": {
				"north": {"uv": [5.5, 12, 6, 13], "texture": "#0"},
				"east": {"uv": [5.5, 12, 6, 13], "texture": "#0"},
				"south": {"uv": [0, 0, 1, 1], "texture": "#0"},
				"west": {"uv": [5, 11.5, 5.5, 12.5], "texture": "#0"},
				"up": {"uv": [0, 0, 1, 0.5], "texture": "#0"},
				"down": {"uv": [4, 13, 5, 13.5], "texture": "#0"}
			}
		},
		{
			"from": [8, 2, 7],
			"to": [9, 3, 8],
			"rotation": {"angle": 0, "axis": "y", "origin": [8, 0, 7]},
			"faces": {
				"north": {"uv": [0, 0, 0.5, 0.5], "texture": "#0"},
				"east": {"uv": [0, 0, 0.5, 0.5], "texture": "#0"},
				"south": {"uv": [0, 0, 0.5, 0.5], "texture": "#0"},
				"west": {"uv": [0, 0, 0.5, 0.5], "texture": "#0"},
				"up": {"uv": [0, 0, 0.5, 0.5], "texture": "#0"},
				"down": {"uv": [0, 0, 0.5, 0.5], "texture": "#0"}
			}
		},
		{
			"from": [7, 3, 5],
			"to": [9, 4, 7],
			"rotation": {"angle": 0, "axis": "y", "origin": [8, 0, 7]},
			"faces": {
				"north": {"uv": [6, 13, 7, 13.5], "texture": "#0"},
				"east": {"uv": [6, 13, 7, 13.5], "texture": "#0"},
				"south": {"uv": [6, 13, 7, 13.5], "texture": "#0"},
				"west": {"uv": [6, 13, 7, 13.5], "texture": "#0"},
				"up": {"uv": [6, 13, 7, 13.5], "texture": "#0"},
				"down": {"uv": [6, 13, 7, 13.5], "texture": "#0"}
			}
		},
		{
			"from": [7, 4, 4],
			"to": [9, 16, 5],
			"rotation": {"angle": 0, "axis": "y", "origin": [8, 0, 7]},
			"faces": {
				"north": {"uv": [7, 11, 8, 12.5], "texture": "#0"},
				"east": {"uv": [7, 7, 7.5, 13], "texture": "#0"},
				"south": {"uv": [7, 11, 8, 12.5], "texture": "#0"},
				"west": {"uv": [7, 7, 7.5, 13], "texture": "#0"},
				"up": {"uv": [7, 7, 8, 7.5], "texture": "#0"},
				"down": {"uv": [7, 12, 8, 12.5], "texture": "#0"}
			}
		},
		{
			"from": [7, 5, 3],
			"to": [9, 17, 4],
			"rotation": {"angle": 0, "axis": "y", "origin": [8, 0, 7]},
			"faces": {
				"north": {"uv": [7, 11, 8, 12.5], "texture": "#0"},
				"east": {"uv": [7.5, 6.5, 8, 12.5], "texture": "#0"},
				"south": {"uv": [7, 11, 8, 12.5], "texture": "#0"},
				"west": {"uv": [7.5, 6.5, 8, 12.5], "texture": "#0"},
				"up": {"uv": [7, 7, 8, 7.5], "texture": "#0"},
				"down": {"uv": [7, 12, 8, 12.5], "texture": "#0"}
			}
		},
		{
			"from": [7, 9, 2],
			"to": [9, 18, 3],
			"rotation": {"angle": 0, "axis": "y", "origin": [8, 0, 7]},
			"faces": {
				"north": {"uv": [7, 11, 8, 12.5], "texture": "#0"},
				"east": {"uv": [8, 6, 8.5, 10.5], "texture": "#0"},
				"south": {"uv": [7, 11, 8, 12.5], "texture": "#0"},
				"west": {"uv": [8, 6, 8.5, 10.5], "texture": "#0"},
				"up": {"uv": [8, 6, 9, 6.5], "texture": "#0"},
				"down": {"uv": [7, 12, 8, 12.5], "texture": "#0"}
			}
		},
		{
			"from": [7, 10, 1],
			"to": [9, 19, 2],
			"rotation": {"angle": 0, "axis": "y", "origin": [8, 0, 7]},
			"faces": {
				"north": {"uv": [7, 11, 8, 12.5], "texture": "#0"},
				"east": {"uv": [8.5, 5.5, 9, 10], "texture": "#0"},
				"south": {"uv": [7, 11, 8, 12.5], "texture": "#0"},
				"west": {"uv": [8.5, 5.5, 9, 10], "texture": "#0"},
				"up": {"uv": [8.5, 5.5, 9.5, 6], "texture": "#0"},
				"down": {"uv": [7, 12, 8, 12.5], "texture": "#0"}
			}
		},
		{
			"from": [7, 11, 0],
			"to": [9, 20, 1],
			"rotation": {"angle": 0, "axis": "y", "origin": [8, 0, 7]},
			"faces": {
				"north": {"uv": [7, 11, 8, 12.5], "texture": "#0"},
				"east": {"uv": [9, 5, 9.5, 9.5], "texture": "#0"},
				"south": {"uv": [7, 11, 8, 12.5], "texture": "#0"},
				"west": {"uv": [9, 5, 9.5, 9.5], "texture": "#0"},
				"up": {"uv": [9, 5, 10, 5.5], "texture": "#0"},
				"down": {"uv": [7, 12, 8, 12.5], "texture": "#0"}
			}
		},
		{
			"from": [7, 12, -1],
			"to": [9, 21, 0],
			"rotation": {"angle": 0, "axis": "y", "origin": [8, 0, 7]},
			"faces": {
				"north": {"uv": [7, 11, 8, 12.5], "texture": "#0"},
				"east": {"uv": [9.5, 4.5, 10, 9], "texture": "#0"},
				"south": {"uv": [7, 11, 8, 12.5], "texture": "#0"},
				"west": {"uv": [9.5, 4.5, 10, 9], "texture": "#0"},
				"up": {"uv": [9.5, 4.5, 10.5, 5], "texture": "#0"},
				"down": {"uv": [7, 12, 8, 12.5], "texture": "#0"}
			}
		},
		{
			"from": [7, 13, -2],
			"to": [9, 22, -1],
			"rotation": {"angle": 0, "axis": "y", "origin": [8, 0, 7]},
			"faces": {
				"north": {"uv": [7, 11, 8, 12.5], "texture": "#0"},
				"east": {"uv": [10, 4, 10.5, 8.5], "texture": "#0"},
				"south": {"uv": [7, 11, 8, 12.5], "texture": "#0"},
				"west": {"uv": [10, 4, 10.5, 8.5], "texture": "#0"},
				"up": {"uv": [10, 4, 11, 4.5], "texture": "#0"},
				"down": {"uv": [7, 12, 8, 12.5], "texture": "#0"}
			}
		},
		{
			"from": [7, 14, -3],
			"to": [9, 22, -2],
			"rotation": {"angle": 0, "axis": "y", "origin": [8, 0, 7]},
			"faces": {
				"north": {"uv": [7, 11, 8, 12.5], "texture": "#0"},
				"east": {"uv": [10.5, 4, 11, 8], "texture": "#0"},
				"south": {"uv": [7, 11, 8, 12.5], "texture": "#0"},
				"west": {"uv": [10.5, 4, 11, 8], "texture": "#0"},
				"up": {"uv": [10.5, 4, 11.5, 4.5], "texture": "#0"},
				"down": {"uv": [7, 12, 8, 12.5], "texture": "#0"}
			}
		},
		{
			"from": [7, 15, -4],
			"to": [9, 22, -3],
			"rotation": {"angle": 0, "axis": "y", "origin": [8, 0, 7]},
			"faces": {
				"north": {"uv": [7, 11, 8, 12.5], "texture": "#0"},
				"east": {"uv": [11, 4, 11.5, 7.5], "texture": "#0"},
				"south": {"uv": [7, 11, 8, 12.5], "texture": "#0"},
				"west": {"uv": [11, 4, 11.5, 7.5], "texture": "#0"},
				"up": {"uv": [10.5, 4, 11.5, 4.5], "texture": "#0"},
				"down": {"uv": [7, 12, 8, 12.5], "texture": "#0"}
			}
		},
		{
			"from": [7, 16, -5],
			"to": [9, 21, -4],
			"rotation": {"angle": 0, "axis": "y", "origin": [8, 0, 7]},
			"faces": {
				"north": {"uv": [7, 11, 8, 12.5], "texture": "#0"},
				"east": {"uv": [11.5, 4, 12, 7], "texture": "#0"},
				"south": {"uv": [7, 11, 8, 12.5], "texture": "#0"},
				"west": {"uv": [11.5, 4.5, 12, 7], "texture": "#0"},
				"up": {"uv": [11, 4, 12, 4.5], "texture": "#0"},
				"down": {"uv": [7, 12, 8, 12.5], "texture": "#0"}
			}
		},
		{
			"from": [7, 6, 5],
			"to": [9, 15, 6],
			"rotation": {"angle": 0, "axis": "y", "origin": [8, 0, 7]},
			"faces": {
				"north": {"uv": [6, 11, 6.5, 12], "texture": "#0"},
				"east": {"uv": [6.5, 7.5, 7, 11.5], "texture": "#0"},
				"south": {"uv": [6, 8, 6.5, 9], "texture": "#0"},
				"west": {"uv": [6.5, 7.5, 7, 11.5], "texture": "#0"},
				"up": {"uv": [6, 8, 7, 8.5], "texture": "#0"},
				"down": {"uv": [6, 11, 7, 11.5], "texture": "#0"}
			}
		},
		{
			"from": [7, 5, 6],
			"to": [9, 14, 7],
			"rotation": {"angle": 0, "axis": "y", "origin": [8, 0, 7]},
			"faces": {
				"north": {"uv": [6, 11, 6.5, 12], "texture": "#0"},
				"east": {"uv": [6, 8, 6.5, 12], "texture": "#0"},
				"south": {"uv": [6, 8, 6.5, 9], "texture": "#0"},
				"west": {"uv": [6.5, 7.5, 7, 11.5], "texture": "#0"},
				"up": {"uv": [6, 8, 7, 8.5], "texture": "#0"},
				"down": {"uv": [6, 11, 7, 11.5], "texture": "#0"}
			}
		},
		{
			"from": [7, 21, -6],
			"to": [9, 23, -4],
			"rotation": {"angle": 0, "axis": "y", "origin": [8, 0, 7]},
			"faces": {
				"north": {"uv": [12, 3, 13, 4], "texture": "#0"},
				"east": {"uv": [11.5, 3.5, 12.5, 4.5], "texture": "#0"},
				"south": {"uv": [12, 3, 13, 4], "texture": "#0"},
				"west": {"uv": [12.5, 3.5, 11.5, 4.5], "texture": "#0"},
				"up": {"uv": [12, 3, 13, 4], "texture": "#0"},
				"down": {"uv": [12, 3, 13, 4], "texture": "#0"}
			}
		},
		{
			"from": [7, 22, -7],
			"to": [9, 24, -5],
			"rotation": {"angle": 0, "axis": "y", "origin": [8, 0, 7]},
			"faces": {
				"north": {"uv": [12, 3, 13, 4], "texture": "#0"},
				"east": {"uv": [12, 3, 13, 4], "texture": "#0"},
				"south": {"uv": [12, 3, 13, 4], "texture": "#0"},
				"west": {"uv": [13, 3, 12, 4], "texture": "#0"},
				"up": {"uv": [12, 3, 13, 4], "texture": "#0"},
				"down": {"uv": [12, 3, 13, 4], "texture": "#0"}
			}
		},
		{
			"from": [7, 18, -9],
			"to": [9, 21, -8],
			"rotation": {"angle": 0, "axis": "y", "origin": [8, 0, 7]},
			"faces": {
				"north": {"uv": [12, 3, 13, 4], "texture": "#0"},
				"east": {"uv": [12, 3, 13, 4], "texture": "#0"},
				"south": {"uv": [12, 3, 13, 4], "texture": "#0"},
				"west": {"uv": [13, 3, 12, 4], "texture": "#0"},
				"up": {"uv": [12, 3, 13, 4], "texture": "#0"},
				"down": {"uv": [12, 3, 13, 4], "texture": "#0"}
			}
		},
		{
			"from": [7, 18, -8],
			"to": [9, 20, -7],
			"rotation": {"angle": 0, "axis": "y", "origin": [8, 0, 7]},
			"faces": {
				"north": {"uv": [12, 3, 13, 4], "texture": "#0"},
				"east": {"uv": [12, 3, 13, 4], "texture": "#0"},
				"south": {"uv": [12, 3, 13, 4], "texture": "#0"},
				"west": {"uv": [13, 3, 12, 4], "texture": "#0"},
				"up": {"uv": [12, 3, 13, 4], "texture": "#0"},
				"down": {"uv": [12, 3, 13, 4], "texture": "#0"}
			}
		},
		{
			"from": [7, 23, -8],
			"to": [9, 25, -6],
			"rotation": {"angle": 0, "axis": "y", "origin": [8, 0, 7]},
			"faces": {
				"north": {"uv": [12, 3, 13, 4], "texture": "#0"},
				"east": {"uv": [12.5, 2.5, 13.5, 3.5], "texture": "#0"},
				"south": {"uv": [12, 3, 13, 4], "texture": "#0"},
				"west": {"uv": [13, 3, 12, 4], "texture": "#0"},
				"up": {"uv": [12, 3, 13, 4], "texture": "#0"},
				"down": {"uv": [12, 3, 13, 4], "texture": "#0"}
			}
		},
		{
			"from": [7, 24, -9],
			"to": [9, 26, -7],
			"rotation": {"angle": 0, "axis": "y", "origin": [8, 0, 7]},
			"faces": {
				"north": {"uv": [12, 3, 13, 4], "texture": "#0"},
				"east": {"uv": [13, 2, 14, 3], "texture": "#0"},
				"south": {"uv": [12, 3, 13, 4], "texture": "#0"},
				"west": {"uv": [13, 3, 12, 4], "texture": "#0"},
				"up": {"uv": [12, 3, 13, 4], "texture": "#0"},
				"down": {"uv": [12, 3, 13, 4], "texture": "#0"}
			}
		},
		{
			"from": [7, 25, -4],
			"to": [9, 26, -1],
			"rotation": {"angle": 0, "axis": "y", "origin": [8, 0, 7]},
			"faces": {
				"north": {"uv": [12, 3, 13, 4], "texture": "#0"},
				"east": {"uv": [13, 2, 14, 3], "texture": "#0"},
				"south": {"uv": [12, 3, 13, 4], "texture": "#0"},
				"west": {"uv": [13, 3, 12, 4], "texture": "#0"},
				"up": {"uv": [12, 3, 13, 4], "texture": "#0"},
				"down": {"uv": [12, 3, 13, 4], "texture": "#0"}
			}
		},
		{
			"from": [7, 24, -3],
			"to": [9, 25, -1],
			"rotation": {"angle": 0, "axis": "y", "origin": [8, 0, 7]},
			"faces": {
				"north": {"uv": [12, 3, 13, 4], "texture": "#0"},
				"east": {"uv": [13, 2, 14, 3], "texture": "#0"},
				"south": {"uv": [12, 3, 13, 4], "texture": "#0"},
				"west": {"uv": [13, 3, 12, 4], "texture": "#0"},
				"up": {"uv": [12, 3, 13, 4], "texture": "#0"},
				"down": {"uv": [12, 3, 13, 4], "texture": "#0"}
			}
		},
		{
			"from": [7, 26, -9],
			"to": [9, 27, -2],
			"rotation": {"angle": 0, "axis": "y", "origin": [8, 0, 7]},
			"faces": {
				"north": {"uv": [12, 3, 13, 4], "texture": "#0"},
				"east": {"uv": [12, 1, 13.5, 2], "texture": "#0"},
				"south": {"uv": [12, 3, 13, 4], "texture": "#0"},
				"west": {"uv": [13, 3, 12, 4], "texture": "#0"},
				"up": {"uv": [12, 3, 13, 4], "texture": "#0"},
				"down": {"uv": [12, 3, 13, 4], "texture": "#0"}
			}
		},
		{
			"from": [7, 19, -10],
			"to": [9, 26, -9],
			"rotation": {"angle": 0, "axis": "y", "origin": [8, 0, 7]},
			"faces": {
				"north": {"uv": [12, 3, 13, 4], "texture": "#0"},
				"east": {"uv": [12, 1, 13.5, 2], "texture": "#0"},
				"south": {"uv": [12, 3, 13, 4], "texture": "#0"},
				"west": {"uv": [13, 3, 12, 4], "texture": "#0"},
				"up": {"uv": [12, 3, 13, 4], "texture": "#0"},
				"down": {"uv": [12, 3, 13, 4], "texture": "#0"}
			}
		},
		{
			"from": [7, 20, -11],
			"to": [9, 25, -10],
			"rotation": {"angle": 0, "axis": "y", "origin": [8, 0, 7]},
			"faces": {
				"north": {"uv": [12, 3, 13, 4], "texture": "#0"},
				"east": {"uv": [12, 1, 13.5, 2], "texture": "#0"},
				"south": {"uv": [12, 3, 13, 4], "texture": "#0"},
				"west": {"uv": [13, 3, 12, 4], "texture": "#0"},
				"up": {"uv": [12, 3, 13, 4], "texture": "#0"},
				"down": {"uv": [12, 3, 13, 4], "texture": "#0"}
			}
		},
		{
			"from": [7, 27, -8],
			"to": [9, 28, -3],
			"rotation": {"angle": 0, "axis": "y", "origin": [8, 0, 7]},
			"faces": {
				"north": {"uv": [12, 3, 13, 4], "texture": "#0"},
				"east": {"uv": [11.5, 1, 13, 1.5], "texture": "#0"},
				"south": {"uv": [12, 3, 13, 4], "texture": "#0"},
				"west": {"uv": [13, 3, 12, 4], "texture": "#0"},
				"up": {"uv": [12, 3, 13, 4], "texture": "#0"},
				"down": {"uv": [12, 3, 13, 4], "texture": "#0"}
			}
		}
	],
	"groups": [0, 1, 2, 3, 4, 5, 6, 7, 8, 9, 10, 11, 12, 13, 14, 15, 16, 17, 18, 19, 20, 21, 22, 23, 24, 25, 26,
		{
			"name": "bone",
			"origin": [0, 0, 0],
			"children": [27, 28, 29, 30, 31, 32, 33, 34, 35, 36, 37, 38]
		}
	]
}